route_type,records,actual_time_median,prediction_median,MAE
FTL,2594,111.0,121.31,51.709768696993066
Carting,2680,61.0,73.48,33.734902985074626
